replay_times,author,url,title,summary,browse_times,html,time,channel
,,,,"抱歉，您指定的搜索不存在或已过期,
,
( , ),
GMT+8, 2016-9-14 21:20,
,Powered by , ,© 2001-2013 ",,,"|,|,|,|,
, Processed in 0.609257 second(s), 17 queries
.
",
,,,,"抱歉，您指定的搜索不存在或已过期,
,
( , ),
GMT+8, 2016-9-14 21:20,
,Powered by , ,© 2001-2013 ",,,"|,|,|,|,
, Processed in 0.609257 second(s), 17 queries
.
",
,,,,"抱歉，您指定的搜索不存在或已过期,
,
( , ),
GMT+8, 2016-9-14 21:20,
,Powered by , ,© 2001-2013 ",,,"|,|,|,|,
, Processed in 0.609257 second(s), 17 queries
.
",
,,,,"抱歉，您指定的搜索不存在或已过期,
,
( , ),
GMT+8, 2016-9-14 21:20,
,Powered by , ,© 2001-2013 ",,,"|,|,|,|,
, Processed in 0.609257 second(s), 17 queries
.
",
,,,,"抱歉，您指定的搜索不存在或已过期,
,
( , ),
GMT+8, 2016-9-14 21:20,
,Powered by , ,© 2001-2013 ",,,"|,|,|,|,
, Processed in 0.609257 second(s), 17 queries
.
",
,,,,"抱歉，您指定的搜索不存在或已过期,
,
( , ),
GMT+8, 2016-9-14 21:20,
,Powered by , ,© 2001-2013 ",,,"|,|,|,|,
, Processed in 0.609257 second(s), 17 queries
.
",
,,,,"抱歉，您指定的搜索不存在或已过期,
,
( , ),
GMT+8, 2016-9-14 21:20,
,Powered by , ,© 2001-2013 ",,,"|,|,|,|,
, Processed in 0.609257 second(s), 17 queries
.
",
,,,,"抱歉，您指定的搜索不存在或已过期,
,
( , ),
GMT+8, 2016-9-14 21:20,
,Powered by , ,© 2001-2013 ",,,"|,|,|,|,
, Processed in 0.609257 second(s), 17 queries
.
",
,,,,"抱歉，您指定的搜索不存在或已过期,
,
( , ),
GMT+8, 2016-9-14 21:20,
,Powered by , ,© 2001-2013 ",,,"|,|,|,|,
, Processed in 0.609257 second(s), 17 queries
.
",
,,,,"抱歉，您指定的搜索不存在或已过期,
,
( , ),
GMT+8, 2016-9-14 21:20,
,Powered by , ,© 2001-2013 ",,,"|,|,|,|,
, Processed in 0.609257 second(s), 17 queries
.
",
,,,,"抱歉，您指定的搜索不存在或已过期,
,
( , ),
GMT+8, 2016-9-14 21:20,
,Powered by , ,© 2001-2013 ",,,"|,|,|,|,
, Processed in 0.609257 second(s), 17 queries
.
",
,,,,"抱歉，您指定的搜索不存在或已过期,
,
( , ),
GMT+8, 2016-9-14 21:20,
,Powered by , ,© 2001-2013 ",,,"|,|,|,|,
, Processed in 0.609257 second(s), 17 queries
.
",
,,,,"抱歉，您指定的搜索不存在或已过期,
,
( , ),
GMT+8, 2016-9-14 21:20,
,Powered by , ,© 2001-2013 ",,,"|,|,|,|,
, Processed in 0.609257 second(s), 17 queries
.
",
,,,,"抱歉，您指定的搜索不存在或已过期,
,
( , ),
GMT+8, 2016-9-14 21:20,
,Powered by , ,© 2001-2013 ",,,"|,|,|,|,
, Processed in 0.609257 second(s), 17 queries
.
",
,,,,"抱歉，您指定的搜索不存在或已过期,
,
( , ),
GMT+8, 2016-9-14 21:20,
,Powered by , ,© 2001-2013 ",,,"|,|,|,|,
, Processed in 0.609257 second(s), 17 queries
.
",
,,,,"抱歉，您指定的搜索不存在或已过期,
,
( , ),
GMT+8, 2016-9-14 21:20,
,Powered by , ,© 2001-2013 ",,,"|,|,|,|,
, Processed in 0.609257 second(s), 17 queries
.
",
,,,,"抱歉，您指定的搜索不存在或已过期,
,
( , ),
GMT+8, 2016-9-14 21:20,
,Powered by , ,© 2001-2013 ",,,"|,|,|,|,
, Processed in 0.609257 second(s), 17 queries
.
",
,,,,"抱歉，您指定的搜索不存在或已过期,
,
( , ),
GMT+8, 2016-9-14 21:20,
,Powered by , ,© 2001-2013 ",,,"|,|,|,|,
, Processed in 0.609257 second(s), 17 queries
.
",
,,,,"抱歉，您指定的搜索不存在或已过期,
,
( , ),
GMT+8, 2016-9-14 21:20,
,Powered by , ,© 2001-2013 ",,,"|,|,|,|,
, Processed in 0.609257 second(s), 17 queries
.
",
